問　　　　　題,選択肢 ア,選択肢 イ,正解
（　　）am Suzuki Ken.,I,You,ア
I　（　　）　Suzuki Ken.,am,are,ア
I （　　） a student.,are,am,イ
I am （　　） student.,a,from,ア
I am （　　） Japan.,a,from,イ
I （　　） from Japan.,are,am,イ
（　　） are Mr. Sato.,You,I,ア
You （　　） Mr. Sato.,am,are,イ
（　　） are a teacher.,I,You,イ
You （　　） a teacher.,are,from,ア
You are （　　） New York.,a,from,イ
You are from （　　）.,teacher,New York,イ
（　　）am Mike.,Are,I,イ
I　（　　） Mike.,am,are,ア
（　　） are a student.,I,You,イ
You （　　） a student.,am,are,イ
（　　）'m from America, too.,I,You,ア
I'（　　） from America, too.,m,re,ア
I'm （　　） America, too.,from,a,ア
You'（　　） an English teacher.,re,m,ア
（　　）'re an English teacher.,I,You,イ
（　　） am Kimura Tsuyoshi.,I,You,ア
I （　　） Kimura Tsuyoshi.,are,am,イ
（　　） are Mr. White.,You,I,ア
You （　　） Mr. White.,am,are,イ
（　　） am a junior high school student.,You,I,イ
I （　　） a junior high school student.,am,are,ア
I am （　　） junior high school student.,×,a,イ
I am a junior high school （　　）.,students,student,イ
I am （　　） a teacher.,not,are,ア
I am not a （　　）.,Kyoto,teacher,イ
You are （　　） a student.,nto,not,イ
You （　　） not a student.,are,am,ア
Are you a student?―― （　　）, I am.,Yes,No,ア
Are you a student?――（　　）, I'm not.,Yes,No,イ
Are you from Australia?―― No, I （　　）.,am,am not,イ
Are you from Australia?―― Yes, （　　） am.,I,You,ア
I am （　　） Tom.,not,are,ア
I am not （　　） Tom.,a,×,イ
You （　　） a tennis player.,are not,am not,ア
You are （　　） tennis player.,not a,a not,ア
（　　） you Jack?,Am,Are,イ
Are （　　） Jack? ,I,you,イ
Are you Jack? - Yes,（　　）.,I'm not,I am,イ
Are you Jack? - No, （　　）.,I'm not,you're not,ア
（　　） am not a student. ,I,You,ア
I am （　　） a student. ,no,not,イ
（　　） you from America? ,Are,Aer,ア
Are you from （　　）? ,america,America,イ
Are you from America? ―― Yes, （　　） am.,I,you,ア
Are you from America? ―― （　　）, I am.,No,Yes,イ
Are you from America? ―― （　　）, I'm not.,No,Yes,ア
Are you from America? ―― No, I'm （　　）.,not,×,ア
This （　　） a dog.,is,am,ア
（　　） is a dog.,I,This,イ
This （　　） Akira.,are,is,イ
This is （　　）.,akira,Akira,イ
That is （　　） cat.,a,×,ア
That is a （　　）.,cat,Akira,ア
（　　） is Yumi.,I,That,イ
That is （　　）.,Yumi,a Yumi,ア
This is （　　） book.,an,a,イ
This is a （　　）.,books,book,イ
That is （　　） apple.,an,a,ア
That is an （　　）.,apple,apples,ア
This is （　　） dog.,I,my,イ
（　　） is my dog.,This,You,ア
That is （　　） computer.,your,an,ア
（　　） is your computer.,You,That,イ
My name （　　） Suzuki Ken.,are,is,イ
（　　） name is Suzuki Ken.,I,My,イ
This （　　） a pen. ,is,are,ア
This is （　　） pen. ,an,a,イ
This （　　） Bob.,is,am,ア
（　　） is Bob.,This,The,ア
That is （　　） car.,a,an,ア
That is a （　　）.,car,cars,ア
That （　　） Mr. Smith.,are,is,イ
（　　） is Mr. Smith.,Tha,That,イ
This （　　） my pencil.,is,am,ア
（　　） is my pencil.,These,This,イ
That （　　） your bike.,are,is,イ
（　　） is your bike.,That,That’s,ア
This is （　　） camera.,Mike's,Mike,ア
This （　　） Mike's camera.,are,is,イ
（　　） name is Bill White.,I,My,イ
My name （　　） Bill White.,is,am,ア
This （　　） a guitar.,is,am,ア
This is （　　） guitar.,a,×,ア
This is （　　） computer.,my,a my,ア
This is my （　　）.,computers,computer,イ
That is （　　） bag.,your,a your,ア
That （　　） your bag.,are,is,イ
This is （　　） a book.,not,no,ア
This is not （　　） book.,a,an,ア
This is （　　） your pen.,no,not,イ
（　　）  is not your pen.,This,I,ア
（　　） your book?―― Yes, it is.,Are this,Is this,イ
Is this your book?―― Yes, （　　） is.,this,it,イ
（　　） that a pencil?,Is,Are,ア
Is that a pencil?―― No, it is not. （　　） is a pen.,That,It,イ
（　　） this a pen? ,Is,It's,ア
（　　） a pen? ,This is,Is this,イ
Is this a pen? - Yes, （　　）.,this is,it is,イ
Is this a pen? - （　　）, it is.,Yes,No,ア
（　　） that a car? ,It's,Is,イ
（　　） a car? ,Is that,That is,ア
Is that a car? - （　　）, it isn't. ,No,Yes,ア
Is that a car? - No, it （　　）. ,is,isn't,イ
Is that a car? - No, it's （　　）.,not,is not,ア
This is （　　） a book. It is an album.,not,no,ア
This is not a book. （　　） is an album.,It's,It,イ
This is not a book. It is （　　） album.,a,an,イ
That （　　） a new desk. It's an old desk.,isn't,is'nt,ア
That isn't a （　　） desk. It's an old desk.,new,old,ア
That isn't a new desk. It's an （　　） desk.,new,old,イ
That isn't a new desk.（　　） an old desk.,It's,It,ア
This （　　） an egg.,is not,not is,ア
This is not （　　） egg.,an,a,ア
（　　） your computer?,That is,Is that,イ
Is that your computer?―― Yes, （　　）.,it is not,it is,イ
Is that your computer?―― No, （　　）.,it is,it is not,イ
（　　） my house.,It's,It's is,ア
It's （　　） house.,a my,my,イ
（　　） is this?―― It is a cup.,What,It,ア
What is this?―― （　　） is a cup.,What,It,イ
（　　） that?―― It's a glass.,What's,What,ア
What's that?―― （　　） a glass.,It,It's,イ
Is this a pen （　　） pencil?―― It's a pencil.,or,and,ア
（　　） this a pen or pencil?―― It's a pencil.,Is,What,ア
Are you a doctor （　　） a nurse?―― I'm a doctor.,but,or,イ
Are you a doctor or a nurse?―― （　　） a doctor.,It's,I'm,イ
（　　） is this? - It is a flower.,What,How,ア
What （　　）? - It is a flower.,this is,is this,イ
What is this? - （　　） is a flower.,It,What,ア
（　　） is this?―― It is a ball.,What,It,ア
（　　） this?―― It is a ball.,What,What's,イ
What is this?―― It （　　） a ball.,this,is,イ
（　　） a cat or a dog?―― It's a cat.,Is this,Is,ア
Is this a cat or a dog?―― （　　） a cat.,It,It's,イ
This is a （　　） car.,new,that,ア
This is （　　） car.,a new,new,ア
This car is （　　）.,new,a new,ア
This car （　　） new.,are,is,イ
This is a new car. That is（　　） old car.,a,an,イ
This is （　　） new car. That is an old car.,an,a,イ
This is a dog. （　　） dog is big.,The,It,ア
This is a （　　）. The dog is big.,cat,dog,イ
This is （　　） new camera.,a,×,ア
This is （　　） camera.,new,a new,イ
This camera is （　　）.,a new,new,イ
This camera （　　） new.,is,are,ア
That is a dog. （　　） dog is white.,The,That,ア
That is a dog. The dog is （　　）.,a white,white,イ
This is （　　） old camera.,an,a,ア
This is （　　） camera.,an old,old a,ア
My camera is （　　）.,an old,old,イ
（　　） camera is old.,My,A my,ア
This camera is （　　）.,old,an old,ア
This camera （　　） old.,×,is,イ
This is a camera. （　　） camera is old.,This,The,イ
This is a camera. The camera is （　　）.,old,an old,ア
This is Tom. （　　） is from Canada.,He,She,ア
This is Tom. He （　　） from Canada.,is,are,ア
That is Emi. （　　） is from Japan.,He,She,イ
That is Emi. She （　　） from Japan.,am,is,イ
He is （　　） an English teacher.,not,no,ア
He （　　） not an English teacher.,are,is,イ
Is （　　） your sister?―― Yes, she is,he,she,イ
Is she your sister?―― No, she is （　　）.,×,not,イ
（　　） is that boy?―― He is Jim.,Who,It,ア
Who is that boy?―― （　　） is Jim.,He,That,ア
（　　） is a student.,He,His,ア
He （　　） a student.,are,is,イ
（　　） is an American girl.,He,She,イ
（　　） an American girl.,She,She is,イ
She （　　） an American girl.,is,am,ア
She is （　　） American girl.,×,an,イ
She is an （　　） girl.,America,American,イ
He is （　　） a teacher.,not,isn't,ア
He （　　） a teacher.,is not,s not,ア
She （　　） Ms. Hill.,is'n,isn't,イ
She isn't （　　）Ms. Hill.,a,×,イ
（　　） he a doctor?,Are,Is,イ
Is （　　） a doctor?,he is,he,イ
Is he a doctor? - （　　）, he is.,No,Yes,イ
Is he a doctor? - Yes, he （　　）.,isn't,is,イ
（　　） she Mike's sister?,Is,Are,ア
Is she Mike's sister? - No, （　　） isn't.,she,he,ア
Is she Mike's sister? - No, she （　　）.,not,isn't,イ
Is she Mike's sister? - （　　）, she's not.,Yes,No,イ
（　　） is that man? ,Who,Whose,ア
Who is that man? - （　　） is Mr. White.,He,She,ア
Who is that man? - He is （　　） White.,Ms.,Mr.,イ
（　　） bag is this? ,Who,Whose,イ
Whose bag （　　）? ,this,is this,イ
Whose bag is this? - （　　） Jhon's.,It's,It,ア
Whose bag is this? - It's （　　）.,Jhon's,Jhon,ア
This （　　） Mr. White. He is a teacher.,is,are,ア
This is Mr. White. （　　） is a teacher.,She,He,イ
This is Mr. White. He is （　　）.,a teacher,teacher,ア
This is （　　）. He is a teacher.,Mr. White,Ms. White,ア
（　　） is Aki. She is my little sister.,The,This,イ
This is Aki. （　　） is my little sister.,He,She,イ
（　　） is Mike. He is not tall.,That,The,ア
That is Mike. （　　） is not tall.,He's,He,イ
That is Mike. He is （　　）.,not tall,tall not,ア
（　　） your friend? ,Is she,She is,ア
Is she your （　　）? ,friends,friend,イ
Is she your friend? ―― Yes, she （　　）.,is not,is,イ
Is she your friend? ―― No, she （　　）.,is,isn't,イ
Is she your friend? ―― No, （　　） not.,she's,she,ア
（　　） is this woman in the picture? ,Who,Whose,ア
Who is （　　） in the picture? ―― She is Ms. Green.,woman,this woman,イ
Who is this woman in the picture? ―― （　　） is Ms. Green.,She,Yes,ア
I （　　） a bike.,have,read,ア
I have a （　　）.,bike,well,ア
You play （　　） piano well.,a,the,イ
You play the piano （　　）.,well,good,ア
I （　　） play tennis.,am not,don't,イ
I （　　） not play tennis.,do,am,ア
（　　） you like soccer?―― Yes, I do.,Are,Do,イ
Do you like soccer?―― No, I （　　）.,don't,am not,ア
（　　） do you like?,Are,What,イ
What do you like?―― I （　　） soccer.,do,like,イ
I （　　） tennis.,like,eat,ア
（　　） like tennis.,Do,I,イ
You （　　） a bag.,go,have,イ
You have （　　）.,a bag,bag,ア
I （　　） like milk.,do not,not do,ア
I do not （　　） milk.,like,run,ア
You （　　） use your car on Sunday.,do't,don't,イ
You don't （　　） your car on Sunday.,read,use,イ
（　　） you study math? ,Do,Are,ア
（　　） study math? ,Do you,Do,ア
Do you study math? - Yes, I （　　）.,do not,do,イ
Do you study math? - No, I （　　）.,do,do not,イ
Do you study math? - No, I （　　）.,don't,do,ア
（　　） do you teach? - I teach music,What,Are,ア
What do you teach? - I （　　） music,like,teach,イ
（　　） sport do you like? - I like soccer.,What,I don't,ア
（　　） do you like? - I like soccer.,What color,What sport,イ
I （　　） the piano every day.,play,know,ア
I play （　　） every day.,the piano,piano,ア
I （　　） not have a cell phone.,am,do,イ
I do not （　　） a cell phone.,eat,have,イ
（　　） you like sushi? ―― Yes, I do.,Are,Do,イ
Do you like sushi? ―― Yes, I （　　）.,do,like,ア
Do you like sushi? ―― No, I （　　）.,do not,like not,ア
Do you like sushi? ―― Yes, （　　） do.,you,I,イ
Do you like sushi? ―― （　　）, I don't.,No,Yes,ア
（　　） do you want for your birthday? ―― I want a new bike.,What,Are,ア
What do you （　　） for your birthday? ―― I want a new bike.,walk,want,イ
I have （　　） cats.,two,a,ア
I have two （　　）.,cats,cat,ア
I have （　　） books.,many,a,ア
I have many （　　）.,book,books,イ
I have （　　） CDs.,some,any,ア
I have some （　　）.,CD,CDs,イ
I don't have （　　） CDs.,some,any,ア
I （　　） have any CDs.,don't,×,ア
（　　） many CDs do you have?―― I have twenty.,How ,What ,ア
How many CDs do you （　　）?―― I have twenty.,like,have,イ
How （　　） CDs do you have?―― I have twenty.,many,any,ア
I have （　　） books.,two,a,ア
I have two （　　）.,book,books,イ
I want （　　） boxes.,some,any,ア
I want some （　　）.,boxs,boxes,イ
I know a （　　） of Japanese cities.,cup,lot,イ
I know a lot of Japanese （　　）.,citys,cities,イ
I need （　　） knives.,three,a,ア
I need three （　　）.,knifes,knives,イ
I see （　　） children over here.,a,ten,イ
I see ten （　　） over here.,children,child,ア
I have （　　） computers.,two,a,ア
I have two （　　）.,computer,computers,イ
I have （　　） CDs in my hand.,any,some,イ
I have some （　　） in my hand.,CDs,CD,ア
Do you have （　　） coins?,some,any,イ
Do you have any （　　）?,coins,coin,ア
How （　　） oranges do you want?,many,any,ア
（　　） many oranges do you want?,How ,What,ア
How many （　　） do you want?,orange,oranges,イ
（　　） are students.,We,He,ア
We are （　　）.,students,student,ア
You are not （　　）.,teacher,teachers,イ
You （　　） not teachers.,are,is,ア
Are （　　） students?―― Yes, we are.,she,you,イ
Are you students?―― Yes, （　　） are.,we,you,ア
（　　） are beautiful pictures.,This,These,イ
These （　　） beautiful pictures.,are,is,ア
（　　） are old bikes.,Those,That,ア
Those （　　） old bikes.,is,are,イ
We （　　） tennis.,plays,play,イ
（　　） play tennis.,We,He,ア
We （　　） play tennis.,don't,aren't,ア
We don't （　　） tennis.,plays,play,イ
（　　） they play tennis?,Are,Do,イ
Do （　　） play tennis?,she,they,イ
You （　　） teachers.,are,am,ア
You are （　　）.,teachers,teacher,ア
They （　　） brothers.,isn't,aren't,イ
They aren't （　　）.,brother,brothers,イ
（　　） are pens.,this,These,イ
These （　　） pens.,are,is,ア
These are （　　）.,pen,pens,イ
（　　） are your books.,That,Those,イ
Those （　　） your books.,are,is,ア
Those are your （　　）.,books,book,ア
（　　） stamps are old.,These,This,ア
These （　　） are old.,stamps,stamp,ア
These stamps （　　） old.,is,are,イ
（　　） dogs are big.,Those,That,ア
Those （　　） are big.,dog,dogs,イ
Those dogs are （　　）.,big,bigs,ア
（　　） are members of that team.,We,He,ア
We （　　） members of that team.,am,are,イ
We are （　　） of that team.,members,member,ア
We are members of that （　　）.,teams,team,イ
（　　） they your friends?,Are,Is,ア
Are they your （　　）?,friend,friends,イ
Are （　　） your friends?,they,you,ア
（　　） are my children.,These,This,ア
These （　　） my children.,is,are,イ
These are my （　　）.,children,child,ア
（　　） Masato and Ken classmates?,Is,Are,イ
Are Masato and Ken （　　）?,classmates,classmate,ア
Are （　　） classmates?,Masato,Masato and Ken,イ
I have a brother. （　　） name is Ken.,His,Her,ア
I have a brother. His name （　　） Ken.,are,is,イ
Mr. White is （　　） new teacher.,us,our,イ
Mr. White is our （　　） teacher.,new,a,ア
This is （　　） book.,Ken's,Ken,ア
This is Ken's （　　）.,book,books,ア
I know （　　） well.,her,she,ア
I （　　） her well.,am,know,イ
I go to school with （　　）.,his,him,イ
I go to school （　　） him.,and,with,イ
I know （　　）.,him,he,ア
I have a bike. I use （　　） every day.,it,×,ア
We play tennis with （　　）.,she,her,イ
We play tennis （　　） her.,with,and,ア
She lives near （　　） house.,us,our,イ
This is Mike. We know （　　） well.,him,he,ア
Bob and Ann are my good friends. I often go to the library with （　　）.,them,they,ア
Bob and Ann are （　　） good friends. I often go to the library with them.,my,me,ア
I （　　） apples.,like,likes,ア
（　　） like apples.,Mr. Green,I,イ
（　　） like apples.,You,She,ア
You （　　） apples.,likes,like,イ
He （　　） apples.,like,likes,イ
（　　） likes apples.,He,We,ア
He （　　） tennis.,plays,play,ア
（　　） plays tennis.,You,He,イ
She （　　） a racket.,has,have,ア
（　　） has a racket.,She,I,ア
He （　　） tennis.,likes,like,ア
（　　） likes tennis.,He,I,ア
She （　　） music.,teach,teaches,イ
（　　） teaches music.,You,She,イ
（　　） speaks English very well.,She,We,ア
She （　　） English very well.,speak,speakes,イ
My father （　　） a new car.,has,have,ア
（　　） has a new car.,I,My father,イ
Ken （　　） not play soccer.,does,do,ア
Ken （　　） play soccer.,doesn't,don't,ア
（　　） she play the piano?―― Yes, she does.,Do,Does,イ
Does she play the piano?―― Yes, she （　　）.,Do,Does,イ
What （　　） he have?―― He have some apples.,Does,Do,ア
（　　） does he have?―― He have some apples.,Who,What,イ
Who plays the guitar?―― Ken （　　）.,does,do,ア
Who plays the guitar?―― My brothers （　　）.,does,do,イ
He （　　） like math.,doesn't,don't,ア
He doesn't （　　） math.,likes,like,イ
（　　） Tom study math? ,Does,Do,ア
Does Tom （　　） math? ,study,studys,ア
Does Tom study math? - （　　）, he does.,No,Yes,イ
Does Tom study math? -  No, he （　　）.,doesn't,does,ア
（　　） does Mary have? - She has some flowers.,How ,What,イ
What （　　） Mary have? - She has some flowers.,does,do,ア
What does Mary have? - She （　　） some flowers.,have,has,イ
He （　　） like cats.,do not,does not,イ
（　　） does not like cats.,I,He,イ
（　　） Mami work for a bank? ,Does,Do,ア
Does Mami （　　） for a bank? ,works,work,イ
Does Mami work for a bank? ―― Yes, she （　　）.,does,do,ア
Does Mami work for a bank? ―― No, she （　　）.,does,does not,イ
（　　） the window.―― OK.,Open,Do,ア
Open the window.―― （　　）.,No, I'm not.,OK.,イ
（　　） close the door.―― All right.,Who,Please,イ
Please （　　） the door.―― All right.,closes,close,イ
（　　）, open the window.,Tom,What,ア
Tom, （　　） the window.,open,opens,ア
（　　） open the window.,Not,Don't,イ
Don't open the （　　）.,window,it,ア
Please （　　） close the door.,don't,not,ア
（　　） don't close the door.,He,Please,イ
（　　） play tennis.,Let's,Go,ア
Let's play tennis.―― Yes, （　　）.,let's not,let's,イ
（　　） the door.,Opens,Open,イ
Tom, （　　） up.,stands,stand,イ
（　　） come here.,Please,Be,ア
Please （　　） here.,come,comes,ア
（　　） swim here.,Don't,Not,ア
Don't （　　） here.,swims,swim,イ
Please （　　） open the box.,don't,not,ア
Please don't （　　） the box.,open,opens,ア
（　　） play baseball after school. - No, let's not.,Let,Let's,イ
Let's （　　） baseball after school. - Yes, let's.,play,plays,ア
Let's play baseball after school. - Yes, （　　）.,let's not,let's,イ
Let's play baseball after school. - No, （　　）.,let's not,let's,ア
（　　） your hands before dinner, Yumi.,Wash,Washes,ア
Ken, （　　） kind to everyone in your class.,be,×,ア
（　　） close the front door.,Please,Be,ア
Please （　　） the front door.,close,closes,ア
（　　） stand up from your seat.,Don't,Doesn't,ア
Don't （　　） up from your seat.,stands,stand,イ
Don't （　　） noisy in the library.,be,×,ア
（　　） be noisy in the library.,Don't,Doesn't,ア
（　　） play video games in my room.,Let,Let's,イ
Let's （　　） video games in my room.,play,plays,ア
This book is （　　）.,mine,my,ア
That bike is （　　）.,her,hers,イ
This computer is （　　）.,Ken's,Ken,ア
That computer is my （　　）., father's,father,ア
（　　） bike is this?―― It's mine.,Who,Whose,イ
Whose bike is this?―― It's （　　）.,mine,me,ア
That is （　　） school.,our,us,ア
This bag is （　　）.,mine,my,ア
Is that car （　　）?,Jhon,Jhon's,イ
This bike is （　　）.,his,him,ア
（　　） computer is this?,Whose,Who,ア
It's nine （　　）.,o'clock,clock,ア
（　　） nine o'clock.,This is,It's,イ
（　　） is it?―― It's ten thirty.,What day,What time,イ
What time is it?――（　　）ten thirty.,This is,It's,イ
（　　） do you get up?―― I get up at seven.,What time,What day,ア
What time do you get up?―― I get up （　　） seven.,at,on,ア
What day is it today?―― It's （　　）.,Friday,January 3,ア
What day is it today?――（　　） Friday.,Today,It's,イ
（　　） is it today?―― It's Friday.,What day,What date,ア
What's the （　　） today?―― It's June 2.,day,date,イ
（　　） the date today?―― It's June 2.,What's,What,ア
（　　） sunny today.,It,It's,イ
（　　） time is it now? ,What,How,ア
What （　　） is it now? - It's seven.,time,×,ア
What time （　　） now? - It's seven o'clock.,it,is it,イ
What time is it now? - （　　） seven o'clock.,It's,It,ア
What time is it now? - It's seven （　　）.,clock,o'clock,イ
（　　） do you get up? - I get up at six thirty.,What time,What day,ア
What time （　　） you get up? - I get up at six thirty.,do,are,ア
（　　） is it today? - It's Tuesday.,What date,What day,イ
What day is it today? - It's （　　）.,Tuesday,January 1,ア
（　　） the date today? - It's February 5.,What day,What is,イ
What is （　　） today? - It's February 5.,the date,it,ア
What is the date today? - It's （　　）.,February 5,Sunday,ア
（　　） is it now? ―― It's three fifty.,What time,What,ア
What time is it now? ―― （　　） three fifty.,This is,It's,イ
（　　） do you usually go to bed? ―― I go to bed at eleven.,What time,What day,ア
What time （　　） you usually go to bed? ―― I go to bed at eleven.,do,are,ア
What time do you usually go to bed? ―― I go to bed （　　） eleven.,on,at,イ
What （　　） is it today?―― It is Wednesday.,day,week,ア
What day is it today?―― It is （　　）.,five o'clock,Wednesday,イ
What is （　　） today?―― It is December 6.,×,the date,イ
What is the date today?―― It is （　　）.,December 6,Friday,ア
I get up （　　） six in the morning.,at,on,ア
I get up at six （　　） the morning.,on,in,イ
Buy this book （　　）  the store in Tokyo.,at,on,ア
Buy this book at the store （　　）  Tokyo.,on,in,イ
Tom （　　）  Ken are good friends.,and,or,ア
You bike is new, （　　）  mine is old.,and,but,イ
Use a pen （　　）  a pencil.,but,or,イ
We swim （　　） summer.,in,at,ア
I play tennis （　　） Sunday.,for,on,イ
Our school begins （　　） eight.,at,under,ア
She cooks （　　） the kitchen.,in,before,ア
The pen （　　） that desk is yours.,after,on,イ
I live （　　） the park.,near,until,ア
He works （　　） Monday to Friday.,on,from,イ
He works from Monday （　　） Friday.,to,on,ア
She takes a walk （　　） me every day.,with,before,ア
Jack （　　） I are good friends.,or,and,イ
He is kind, （　　） I don't like him.,but,or,ア
（　　）  is my book?―― It's on the desk.,Where,When,ア
Where is my book?―― （　　）  on the desk.,It,It's,イ
（　　）  do you live?―― I live in Tokyo.,Where,Which,ア
（　　）  is your birthday?―― It's September 15.,Whose,When,イ
When is your birthday?―― It's （　　）.,September 15,on the desk,ア
（　　） do you play tennis?―― I play tennis after school.,Where,When,イ
When do you play tennis?―― I play tennis （　　）.,after school,in the park,ア
（　　） is this book?―― It's mine.,Which,Whose,イ
Whose is this book?――（　　） mine.,This one is,It's,イ
（　　） is your book?―― This one is (mine).,Which,Whose,ア
Which is your book?――（　　） is (mine).,This one,It,ア
（　　） is your desk? - This is mine.,Which,What,ア
Which is your desk? - （　　） is mine.,This,It,ア
（　　） flower do you like? - I like that flower.,Which,What,ア
Which flower do you （　　）? - I like that flower.,know,like,イ
Which （　　） your pen, this one or that one? - This one is mine.,is,are,ア
（　　） is your pen, this one or that one? - This one is mine.,What,Which,イ
（　　） do you live? - I live in London.,When,Where,イ
Where do you （　　）? - I live in London.,live,go,ア
（　　） does Jim go to the library? - He goes there on Sunday.,When,Where,ア
When （　　） Jim go to the library? - He goes there on Sunday.,does,is,ア
（　　） is this new computer?,Who,Whose,イ
Whose （　　） this new computer?,does,is,イ
（　　） does Lisa live? ―― She live in London.,Where,Which,ア
Where does Lisa （　　）? ―― She live in London.,come,live,イ
（　　） are your balls? ―― They are under the bed.,Where,When,ア
Where （　　） your balls? ―― They are under the bed.,is,are,イ
Where are your balls? ―― （　　） are under the bed.,They,It,ア
Which is your bike? ―― （　　） is mine.,IT,That,イ
（　　） is your bike? ―― That is mine.,Which,Where,ア
（　　） do you call your grandmother? ―― We call her on Sundays.,What,When,イ
When do you （　　） your grandmother? ―― We call her on Sundays.,call,live,ア
（　　） do you go to school?―― I go to school by bus.,How ,What,ア
How do you go to school?―― I go to school （　　）.,at eight,by bus,イ
How （　　） books do you have?―― I have about thirty.,old,many,イ
How （　　） are you?―― I'm twelve (years old).,long,old,イ
How old are you?―― （　　） twelve (years old).,It's,I'm,イ
How （　　） is Ken?―― He's 160 centimeters tall.,long,tall,イ
How （　　） is this bridge?―― It's ten meters long.,tall,long,イ
How （　　） pencils do you have? - I have two pencils.,many,much,ア
（　　） many pencils do you have? - I have two .,What,How,イ
（　　） do you go to school? - I go to school by bus.,When,How,イ
How （　　） do you go to school? - I go to school by bus.,×,long,ア
（　　） old are you? - I'm thirteen .,How,Which,ア
How （　　） are you? - I'm thirteen years old.,tall,old,イ
How is （　　） today? ―― It is rainy.,the weather,weather,ア
（　　） the weather today? ―― It's rainy.,How,How's,イ
（　　） does Mr. Brown go to school? ―― He goes there by train.,How,When,ア
How （　　） Mr. Brown go to school? ―― He goes there by train.,old,does,イ
How （　　） is your sister, Ann?―― She is twenty years old now.,old,many,ア
（　　） old is your sister, Ann?―― She's twenty years old now.,Where,How,イ
I （　　）speak English.,can,am,ア
My father （　　） speak English.,can,is,ア
My father can （　　） English.,speaks,speak,イ
I （　　） use this computer.,am not,can't,イ
Can you play tennis?―― Yes, I （　　）.,can't,can,イ
Can you play tennis?―― No, I （　　）.,can't,can,ア
（　　） you play tennis?―― Yes, I can.,Do,can,イ
What （　　） you see?―― I can see a lot of stars.,can,do,ア
What can you see?―― I （　　） see a lot of stars.,can't,can,イ
I （　　） play the piano.,can,am,ア
He （　　） run fast.,is,can,イ
He can （　　） fast.,runs,run,イ
I （　　） get up early.,cannot,am not,ア
（　　） you swim? ,Are,Can,イ
Can you swim? - Yes, I （　　）.,can,cannot,ア
Can you swim? - （　　）, I can't.,No,Yes,ア
（　　） I go home? - All right.,Can,Do,ア
Can I go home? - All （　　）.,night,right,イ
（　　） you write your name here? - Sure.,Can,Are,ア
Yukari （　　） play the piano well.,cans,can,イ
Yukari can （　　） the piano well.,plays,play,イ
I （　　） drive a car.,cnnot,cannot,イ
（　　） your father ski today?,Can,Cans,ア
Can your father ski today?―― Yes, he （　　）.,cans,can,イ
Can your father ski today?―― No, he （　　）.,can,cannot,イ
I am （　　） TV now.,watching,watch,ア
I （　　） watching TV now.,×,am,イ
I （　　） watching TV now.,do not,am not,イ
I'm not （　　） TV now.,watching,watch,ア
（　　） you watching TV now?―― Yes, I am.,Do,Are,イ
Are you watching TV now?―― Yes, I （　　）.,am,do,ア
Are you watching TV now?―― No, I（　　）.,do not,am not,イ
What （　　） you reading now?―― I'm reading a magazine.,are,do,ア
What are you reading now?―― I'm （　　） a magazine.,read,reading,イ
What are you （　　） now?―― I'm reading a magazine.,reading,watching,ア
I'm （　　） a newspaper now.,reading,read,ア
（　　） reading a newspaper now.,I,I'm,イ
（　　） are writing a letter.,You're,You,イ
You are （　　） a letter.,writing,write,ア
（　　） is swimming in the river.,He,You,ア
He is （　　） in the river.,swims,swimming,イ
I'm not （　　） a book.,reading,read,ア
I'm （　　） a book.,not read,not reading,イ
She （　　） playing tennis.,isn't,aren't,ア
She isn't （　　） tennis.,playing,play,ア
Are you （　　） TV? ,watching,watch,ア
Are you watching TV? - Yes, I （　　）.,do,am,イ
Are you watching TV? - （　　）, I am not.,Yes,No,イ
（　　） are you doing? - I'm washing the dishes.,What,How,ア
What （　　） doing? - I'm washing the dishes.,are you,you are,ア
（　　） are they playing baseball? - They are playing baseball in the park.,Where,When,ア
Where （　　） they playing baseball? - They are playing baseball in the park.,are,aren't,ア
Who is （　　） on the bench? - Bob is.,siting,sitting,イ
（　　） is sitting on the bench? - Bob is.,Where,Who,イ
They （　　） Kate in the kitchen.,are helping,helping,ア
They are （　　） Kate in the kitchen.,help,helping,イ
Tom is not （　　） lunch now.,have,having,イ
Tom （　　） lunch now.,is not having,not is having,ア
Are you （　　） on the cell phone in the living room?,talking,talk,ア
Are you talking on the cell phone in the living room? ―― Yes, I （　　）.,do,am,イ
Are you talking on the cell phone in the living room? ―― No, I （　　）.,do not,am not,イ
（　　） you talking on the cell phone in the living room?,Are,Do,ア
I （　　） baseball yesterday.,played,play,ア
I played baseball （　　）.,yesterday,tomorrow,ア
I （　　）play baseball yesterday.,don't,didn't,イ
I didn't play baseball （　　）.,tomorrow,yesterday,イ
（　　） you watch TV last night?,Did,Do,ア
Did you （　　） TV last night?,watch,watched,ア
Did you watch TV last night?―― Yes, I （　　）.,do,did,イ
Did you watch TV last night?―― No, I （　　）.,did,didn't,イ
What （　　） you study last night?――I studied English.,did,do,ア
What did you （　　） last night?――I studied English.,studied,study,イ
What did you study last night?――I （　　） English.,studied,study,ア
I （　　） soccer yesterday.,played,play,ア
I played soccer （　　）.,tomorrow,yesterday,イ
I （　　） play the piano yesterday.,don't,did not,イ
I didn't play the piano （　　）.,tomorrow,yesterday,イ
（　　） you play baseball yesterday? ,Did,Do,ア
Did you play baseball yesterday? - Yes, I （　　）.,did,do,ア
Did you play baseball yesterday? - No, I （　　）.,don't,didn't,イ
I （　　） English last night.,studied,study,ア
I studied English （　　）.,next week,last night,イ
Ken （　　） call Lisa yesterday.,did not,do not,ア
Ken did not （　　） Lisa yesterday.,calls,call,イ
Did you （　　） your shoes, Masashi?,wash,washing,ア
Did you wash your shoes, Masashi?　―― Yes, I （　　）.,am,did,イ
Did you wash your shoes, Masashi?　―― No, I （　　）.,am not,didn't,イ
He （　　） to Tokyo last week.,goed,went,イ
He went to Tokyo （　　） week.,last,next,ア
He （　　） go to Tokyo last week.,didn't,don't,ア
He didn't （　　） to Tokyo last week.,goes,go,イ
（　　） he go to Tokyo last week?,Did,Does,ア
Did he go to Tokyo last week?―― Yes, he （　　）.,went,did,イ
Did he go to Tokyo last week?――No, he （　　）.,doesn't,didn't,イ
What （　　） you see in the park?―― I saw beautiful flowers.,did,do,ア
What did you （　　） in the park?―― I saw beautiful flowers.,saw,see,イ
What did you see in the park?―― I （　　） beautiful flowers.,saw,seed,ア
He （　　） to Japan ten years ago.,came,comes,ア
He came to Japan ten （　　） ago.,year,years,イ
Bob （　　） e-mail to her one hour ago.,send,sent,イ
I didn't （　　） well last night.,slept,sleep,イ
I （　　） sleep well last night.,didn't,don't,ア
（　　） Tom buy a bike on the Internet? ―― Yes, he did.,Can,Did,イ
Did Tom （　　） a bike on the Internet? ―― No, he did not.,buy,bought,ア
They sing （　　）.,well,good,ア
They （　　）.,well sing,sing well,イ
This flower is （　　） beautiful.,always,very,イ
This flower is （　　）.,beautiful very,very beautiful,イ
You swim（　　）.,fast very,very fast,イ
I （　　） lunch here.,always have,have always,ア
Kate and Tom speak Japanese （　　）.,well,good,ア
I like my friends （　　）.,much very,very much,イ
The stadium is （　　）.,very big,big very,ア
They study （　　） every day.,very hard,hard very,ア
Ken （　　） always happy.,×,is,イ
Ken （　　） happy.,is always,always is,ア
I （　　） early in the morning.,always get up,get up always,ア
